{
  "architecture": "mobilenet_v3_small",
  "channels": 3,
  "classNames": [
    "not_milady",
    "milady"
  ],
  "generatedAt": "2026-03-27T22:13:38.905978+00:00",
  "inputSize": 128,
  "mean": [
    0.485,
    0.456,
    0.406
  ],
  "positiveIndex": 1,
  "runId": "20260327T212453Z",
  "std": [
    0.229,
    0.224,
    0.225
  ],
  "threshold": 0.5292757153511047
}