{
  "architecture": "mobilenet_v3_small",
  "generated_at": "2026-03-29T22:43:26.490715+00:00",
  "input_size": 128,
  "channels": 3,
  "class_names": [
    "not_milady",
    "milady"
  ],
  "mean": [
    0.485,
    0.456,
    0.406
  ],
  "std": [
    0.229,
    0.224,
    0.225
  ],
  "positive_index": 1,
  "threshold": 0.6289119124412537,
  "run_id": "20260329T220050Z"
}
