{
  "architecture": "mobilenet_v3_small",
  "channels": 3,
  "classNames": [
    "not_milady",
    "milady"
  ],
  "generatedAt": "2026-03-29T15:15:46.570188+00:00",
  "inputSize": 128,
  "mean": [
    0.485,
    0.456,
    0.406
  ],
  "positiveIndex": 1,
  "runId": "20260329T124912Z",
  "std": [
    0.229,
    0.224,
    0.225
  ],
  "threshold": 0.9222047924995422
}